SubjectID,Condition,Level,Pass,0,10,20,30,40,50,60,70,80,90,100,110,120,130,140,150,160,170,180,190,200,210,220,230,240,250,260,270,280,290,300,310,320,330,340,350
0,0,1,0,0.4413265,0.01084184,0.01020408,0.01084184,0.1320153,0.01147959,0.01020408,0.01020408,0.01084184,0.01084184,0.01020408,0.01020408,0.07079081,0,0,0,0,0,0,0,0.04719388,0.01147959,0.01020408,0.01020408,0.06441326,0.005102041,0.005102041,0.005102041,0.005739796,0.005102041,0.05420918,0.005102041,0.005102041,0.005102041,0.005739796,0.005102041
0,0,1,1,0.1953642,0.0187638,0.01766004,0.0187638,0.0187638,0.1732892,0.01766004,0.01766004,0.0187638,0.0187638,0.01766004,0.01766004,0.1048565,0.01214128,0,0,0,0,0,0,0.06291391,0.0187638,0.01766004,0.0187638,0.05739515,0.008830022,0.008830022,0.009933775,0.008830022,0.008830022,0.009933775,0.06401766,0.009933775,0.008830022,0.008830022,0.009933775
0,0,2,0,0.2053654,0.01572618,0.01480111,0.01572618,0.01572618,0.01665125,0.0999075,0.01572618,0.1165587,0.01665125,0.01480111,0.01480111,0.01572618,0.01572618,0.01480111,0.01480111,0.09343201,0,0,0,0,0.0212766,0.01480111,0.01480111,0.01572618,0.01572618,0.01480111,0.01572618,0.01572618,0.04810361,0.007400555,0.008325624,0.007400555,0.06845514,0.007400555,0.007400555
0,0,2,1,0.1942545,0.02188783,0.02325582,0.02325582,0.02188783,0.128591,0.02325582,0.02325582,0.02188783,0.02188783,0.129959,0.04377565,0.05745554,0.02325582,0.02188783,0.06839946,0.02599179,0,0,0,0,0,0,0,0,0,0,0,0,0.05882353,0.01094391,0.01094391,0.0123119,0.01094391,0.01094391,0.01094391
0,0,3,0,0.2428279,0.008196721,0.009221311,0.008196721,0.008196721,0.009221311,0.008196721,0.008196721,0.07684426,0.008196721,0.008196721,0.009221311,0.008196721,0.008196721,0.009221311,0.04815574,0.008196721,0.008196721,0.009221311,0.06352459,0.02663934,0.02459016,0.06147541,0.02663934,0.02561475,0.02459016,0.02561475,0.02663934,0.02459016,0.02459016,0.1413934,0,0,0,0,0
0,0,3,1,0.2451404,0.008639309,0.009719222,0.008639309,0.008639309,0.008639309,0.009719222,0.008639309,0.08639309,0.01079914,0.008639309,0.008639309,0.008639309,0.04103672,0.008639309,0.008639309,0.009719222,0.05615551,0.02699784,0.02699784,0.02807775,0.02591792,0.02699784,0.02699784,0.02699784,0.02591792,0.02699784,0.02807775,0.02591792,0.1306695,0.01835853,0,0,0,0,0
1,1,1,0,0.2571297,0.02207912,0.02115915,0.02161914,0.02161914,0.08647654,0.07313707,0.02207912,0.02069917,0.01977921,0.01931923,0.01839926,0.02207912,0.07405704,0,0,0,0,0,0.06945722,0.01609936,0.01885924,0.01885924,0.01977921,0.01931923,0.03357866,0.00873965,0.00873965,0.007819687,0.03311867,0.007819687,0.007819687,0.007819687,0.007359705,0.007819687,0.007359705
1,1,1,1,0.09316038,0.0129717,0.01061321,0.01061321,0.2311321,0.0129717,0.07429245,0.01179245,0.0129717,0.01061321,0.01061321,0.01061321,0.0129717,0.1273585,0,0,0,0,0.06839623,0.01415094,0.01179245,0.01179245,0.01415094,0.0129717,0.07429245,0.004716981,0.003537736,0.004716981,0.007075472,0.09433962,0.005896227,0.005896227,0.005896227,0.005896227,0.005896227,0.005896227
1,1,2,0,0.1669196,0.005311077,0.006069803,0.01669196,0.03717754,0.01365706,0.1009105,0.01441578,0.01365706,0.01972686,0.01820941,0.08497724,0.02124431,0.006069803,0.006828528,0.006828528,0.1282246,0,0.01289833,0.06828528,0.006828528,0.006069803,0.005311077,0.004552352,0.006069803,0.004552352,0.005311077,0.004552352,0.005311077,0.004552352,0.004552352,0.06449165,0.05007587,0.007587253,0.02883156,0.04324735
1,1,2,1,0.1197772,0.01532033,0.01392758,0.01253482,0.01532033,0.01810585,0.137883,0.1364903,0.01949861,0.01671309,0.01671309,0.01671309,0.01532033,0.01532033,0.01671309,0.01810585,0.09192201,0,0,0,0,0.1072423,0.01671309,0.01253482,0.01253482,0.01253482,0.01114206,0.01532033,0.01253482,0.01253482,0.01532033,0.01532033,0.04456824,0.004178273,0.005571031,0.005571031
1,1,3,0,0.1730959,0.005934718,0.005934718,0.007912957,0.006923838,0.006923838,0.007912957,0.006923838,0.07912957,0.005934718,0.03264095,0.01879327,0.08605341,0.01681503,0.01582591,0.01088032,0.009891196,0.01285856,0.01285856,0.06726014,0.02176063,0.02274975,0.02472799,0.08308605,0.01582591,0.01681503,0.01681503,0.01780415,0.01681503,0.09297725,0.01978239,0.04747774,0.01285856,0,0,0
1,1,3,1,0.1113244,0.003838771,0.002559181,0.002559181,0.003198976,0.003838771,0.003838771,0.005758157,0.02431222,0.06909789,0.03326935,0.0537428,0.01727447,0.01535509,0.0140755,0.01599488,0.0140755,0.01535509,0.05118362,0.06269994,0.03198976,0.03390915,0.03774792,0.07997441,0.02303263,0.02303263,0.02495201,0.02303263,0.02431222,0.02367242,0.04670506,0.05118362,0.008317338,0.04478567,0,0
2,0,1,0,0.9423077,0.05769231,0,0,0,0,0,0,0,0,0,0,0,0,0,0,0,0,0,0,0,0,0,0,0,0,0,0,0,0,0,0,0,0,0,0
2,0,1,1,0.2151394,0.01062417,0.01062417,0.5936255,0.01062417,0.01195219,0.01062417,0.01062417,0.01062417,0.01195219,0.01062417,0.01062417,0.01195219,0.01062417,0.05976096,0,0,0,0,0,0,0,0,0,0,0,0,0,0,0,0,0,0,0,0,0
2,0,2,0,1,0,0,0,0,0,0,0,0,0,0,0,0,0,0,0,0,0,0,0,0,0,0,0,0,0,0,0,0,0,0,0,0,0,0,0
2,0,2,1,0.4,0,0,0,0,0,0,0,0,0,0,0,0,0,0,0,0,0,0,0,0,0,0,0.01052632,0.06491228,0.3157895,0.07368422,0.01578947,0.01403509,0.01403509,0.01403509,0.01578947,0.01403509,0.01403509,0.01578947,0.01754386
2,0,3,0,1,0,0,0,0,0,0,0,0,0,0,0,0,0,0,0,0,0,0,0,0,0,0,0,0,0,0,0,0,0,0,0,0,0,0,0
2,0,3,1,0.7296138,0,0,0,0,0,0,0,0,0,0,0,0,0,0,0,0,0,0,0,0,0,0,0,0,0.09012876,0.01144492,0.01287554,0.01144492,0.01144492,0.01144492,0.01287554,0.01144492,0.01144492,0.07296138,0.01287554
3,1,1,0,0.1621872,0.01482855,0.01575533,0.01482855,0.0871177,0.01853568,0.1065802,0.01668211,0.01390176,0.01390176,0.01297498,0.01297498,0.01482855,0.1251158,0,0,0,0,0,0.07692308,0.01853568,0.0176089,0.01668211,0.05189991,0.01482855,0.04355885,0.006487488,0.006487488,0.005560705,0.006487488,0.06302132,0.008341056,0.007414273,0.008341056,0.009267841,0.008341056
3,1,1,1,0.1944751,0.01436464,0.01325967,0.01436464,0.01436464,0.01436464,0.1690608,0.01657458,0.01546961,0.01546961,0.01436464,0.01325967,0.01767956,0.02099447,0.08950276,0,0,0,0,0,0.07845303,0.01325967,0.04530387,0.08397789,0.006629834,0.007734806,0.005524862,0.006629834,0.006629834,0.006629834,0.07624309,0.005524862,0.004419889,0.005524862,0.005524862,0.004419889
3,1,2,0,0.1255753,0.009204471,0.009204471,0.0105194,0.009204471,0.009861933,0.09598949,0.1104537,0.007232084,0.06180145,0.007232084,0.006574622,0.008547009,0.007232084,0.008547009,0.00591716,0.05719921,0.007232084,0.08021039,0.07429323,0.01183432,0.0105194,0.01183432,0.01183432,0.01183432,0.01183432,0.01249178,0.01183432,0.01183432,0.01117686,0.01183432,0.0295858,0.0348455,0.06245891,0.02629849,0.00591716
3,1,2,1,0.137163,0.01406799,0.01289566,0.01172333,0.01172333,0.01289566,0.01289566,0.1547479,0.09613129,0.01289566,0.01172333,0.01172333,0.01406799,0.01406799,0.01289566,0.01172333,0.01524033,0.08440797,0,0.06330597,0.01641266,0.01641266,0.01172333,0.01289566,0.01524033,0.01289566,0.01289566,0.01406799,0.01406799,0.01406799,0.01172333,0.04103165,0.009378663,0.06799531,0.005861665,0.007033997
3,1,3,0,0.09431525,0.01098191,0.01098191,0.01098191,0.01162791,0.01098191,0.01162791,0.0129199,0.01550388,0.0620155,0.0122739,0.04844961,0.0122739,0.01162791,0.0122739,0.01356589,0.0129199,0.01421189,0.01421189,0.09883721,0.04263566,0.04005168,0.04134367,0.06718346,0.02648579,0.01873385,0.01808786,0.01808786,0.03423773,0.04909561,0.05426357,0.009689922,0.008397933,0.05684755,0.005813953,0.006459949
3,1,3,1,0.09328683,0.004359198,0.004359198,0.005231038,0.004359198,0.004359198,0.004359198,0.06887533,0.003487358,0.002615519,0.04359198,0.01569311,0.07149085,0.04795118,0.02179599,0.01743679,0.01482127,0.01656495,0.1421099,0.03138623,0.02528335,0.02964255,0.02441151,0.08979948,0.01569311,0.01656495,0.01569311,0.01482127,0.01482127,0.01830863,0.1168265,0,0,0,0,0
4,0,1,0,0.2671233,0.01541096,0.01369863,0.01369863,0.01541096,0.01369863,0.06678082,0.01369863,0.07876712,0.04452055,0.07191781,0.04280822,0.04452055,0.04109589,0.08219178,0.01541096,0.01369863,0.01369863,0.01369863,0.01541096,0.04452055,0.01541096,0.04280822,0,0,0,0,0,0,0,0,0,0,0,0,0
4,0,1,1,0.2,0.02982456,0.02982456,0.2035088,0.02807018,0.02982456,0.02982456,0.02807018,0.02807018,0.03157895,0.02807018,0.02982456,0.01052632,0,0,0,0,0,0,0,0,0,0,0,0,0.08245614,0.01403509,0.01403509,0.01578947,0.01403509,0.01403509,0.01403509,0.01578947,0.07894737,0.01578947,0.01403509
4,0,2,0,0.3269896,0.04325259,0.01384083,0.01557093,0.01384083,0.01384083,0.07439446,0.01384083,0.01384083,0.01384083,0.01557093,0.08477509,0.04152249,0.0449827,0.04152249,0.04325259,0.04325259,0.06401385,0.01557093,0.01384083,0.01384083,0.01384083,0.01557093,0.005190311,0,0,0,0,0,0,0,0,0,0,0,0
4,0,2,1,0.3100917,0.0146789,0.1119266,0.1926606,0.05321101,0.04954128,0.05504587,0.2110092,0.001834862,0,0,0,0,0,0,0,0,0,0,0,0,0,0,0,0,0,0,0,0,0,0,0,0,0,0,0
4,0,3,0,0.3641618,0.009248555,0.009248555,0.01040462,0.009248555,0.009248555,0.01040462,0.009248555,0.009248555,0.009248555,0.03930636,0.009248555,0.009248555,0.02312139,0.03121387,0.02890173,0.02774566,0.02890173,0.02890173,0.05780347,0.03930636,0.02774566,0.02890173,0.0300578,0.02774566,0.04971098,0.01040462,0.009248555,0.009248555,0.009248555,0.01271676,0.01156069,0,0,0,0
4,0,3,1,0.2857143,0.01393728,0.01393728,0.01567944,0.01393728,0.01393728,0.01393728,0.01567944,0.01393728,0.01393728,0.01567944,0.04878049,0.01393728,0.08710802,0.05400697,0.01393728,0.01567944,0.01393728,0.01393728,0.01567944,0.01393728,0.151568,0.04529617,0.0261324,0.01393728,0.01393728,0.01393728,0.01393728,0,0,0,0,0,0,0,0
5,1,1,0,0.2037037,0.01337449,0.01131687,0.01131687,0.01028807,0.01337449,0.2078189,0.01131687,0.01131687,0.01131687,0.01131687,0.009259259,0.1152263,0,0,0,0,0,0,0,0.0936214,0.01131687,0.009259259,0.009259259,0.08436213,0.00617284,0.005144033,0.005144033,0.004115226,0.005144033,0.004115226,0.007201646,0.09567901,0.00617284,0.00617284,0.00617284
5,1,1,1,0.1573157,0.01650165,0.01650165,0.01650165,0.01540154,0.08030803,0.09130913,0.1914191,0,0,0,0,0,0,0,0,0.01650165,0.00990099,0.00440044,0.00550055,0.0660066,0.00550055,0.06050605,0.00770077,0.00770077,0.05610561,0.00220022,0.00330033,0.00330033,0.00330033,0.07590759,0.06050605,0.00660066,0.00660066,0.00660066,0.00660066
5,1,2,0,0.1903827,0.008832188,0.008832188,0.007850834,0.009813542,0.008832188,0.110893,0.008832188,0.009813542,0.1177625,0.008832188,0.009813542,0.007850834,0.008832188,0.008832188,0.008832188,0.1746811,0.005888126,0.004906771,0.004906771,0.07065751,0.00686948,0.004906771,0.00686948,0.00686948,0.007850834,0.00686948,0.00686948,0.007850834,0.008832188,0.04612365,0.002944063,0.003925417,0.003925417,0.005888126,0.07752699
5,1,2,1,0.1487414,0.01372998,0.01144165,0.01372998,0.07093821,0.09038901,0.01372998,0.01258581,0.0160183,0.117849,0.01716247,0.01830664,0.01830664,0.0160183,0.01487414,0.0194508,0.06636155,0,0,0.05949657,0.01029748,0.008009152,0.008009152,0.01029748,0.008009152,0.009153318,0.009153318,0.009153318,0.009153318,0.006864988,0.01029748,0.04462242,0.003432494,0.005720824,0.1018307,0.006864988
5,1,3,0,0.1916509,0.01518027,0.008538899,0.008538899,0.004743833,0.005692599,0.005692599,0.005692599,0.09962049,0.006641366,0.0028463,0.0028463,0.0626186,0.0113852,0.009487666,0.0113852,0.007590133,0.008538899,0.008538899,0.009487666,0.1242884,0.01802657,0.0170778,0.01802657,0.08918406,0.07779886,0.0113852,0.009487666,0.01233397,0.0113852,0.05882353,0.06546489,0,0,0,0
5,1,3,1,0.2259768,0.004223865,0.004223865,0.004223865,0.004223865,0.004223865,0.005279831,0.005279831,0.04963041,0.08236536,0.006335798,0.005279831,0.003167899,0.0813094,0.01161563,0.0126716,0.0126716,0.0126716,0.0126716,0.0126716,0.08870117,0.02217529,0.02323126,0.08025344,0.01161563,0.0126716,0.01055966,0.01372756,0.0126716,0.01372756,0.1034847,0.04646251,0,0,0,0
6,0,1,0,1,0,0,0,0,0,0,0,0,0,0,0,0,0,0,0,0,0,0,0,0,0,0,0,0,0,0,0,0,0,0,0,0,0,0,0
6,0,1,1,0.07417841,0.03380282,0.03380282,0.03380282,0.03380282,0.03474179,0.03380282,0.03380282,0.03380282,0.03380282,0.03380282,0.03286385,0.03286385,0.03380282,0.03286385,0.03286385,0.03192488,0.03192488,0.03286385,0.03286385,0.03192488,0.03286385,0.03286385,0.03192488,0.03192488,0.03286385,0.03286385,0.03192488,0.03286385,0,0,0,0,0,0,0
6,0,2,0,1,0,0,0,0,0,0,0,0,0,0,0,0,0,0,0,0,0,0,0,0,0,0,0,0,0,0,0,0,0,0,0,0,0,0,0
6,0,2,1,0.2870201,0.05850092,0.05667276,0.05850092,0.05667276,0.05850092,0.05667276,0.05850092,0.05850092,0.05850092,0.05667276,0.05850092,0.05667276,0.02010969,0,0,0,0,0,0,0,0,0,0,0,0,0,0,0,0,0,0,0,0,0,0
6,0,3,0,1,0,0,0,0,0,0,0,0,0,0,0,0,0,0,0,0,0,0,0,0,0,0,0,0,0,0,0,0,0,0,0,0,0,0,0
6,0,3,1,0.2080925,0.04479769,0.0433526,0.04479769,0.0433526,0.0433526,0.0433526,0.04479769,0.04624277,0.04479769,0.04624277,0.0433526,0.04624277,0.0433526,0.04624277,0.04479769,0.0433526,0.04479769,0.03468208,0,0,0,0,0,0,0,0,0,0,0,0,0,0,0,0,0
7,1,1,0,0.1612542,0.01007839,0.01119821,0.01567749,0.1198208,0.01343785,0.1007839,0.01119821,0.01119821,0.01119821,0.01455767,0.01567749,0.01343785,0.1276596,0,0,0,0,0.06382979,0.008958567,0.006718925,0.006718925,0.007838747,0.007838747,0.006718925,0.006718925,0.0806271,0.01455767,0.01119821,0.01231803,0.1108623,0.003359463,0.004479283,0.003359463,0.003359463,0.003359463
7,1,1,1,0.130531,0.01438053,0.01327434,0.01548673,0.01659292,0.119469,0.09734513,0.01769911,0.01880531,0.01659292,0.01548673,0.01659292,0.01548673,0.1095133,0,0,0,0,0,0,0,0.08075221,0.01548673,0.01659292,0.1150443,0.01106195,0.008849557,0.008849557,0.007743363,0.006637168,0.008849557,0.06637168,0.01106195,0.007743363,0.007743363,0.009955753
7,1,2,0,0.2073733,0.007680492,0.003072197,0.004608295,0.006144393,0.006144393,0.1459293,0.1459293,0.01689708,0.01382488,0.01536098,0.01382488,0.01536098,0.01536098,0.01536098,0.01689708,0.2196621,0.004608295,0.006144393,0.007680492,0.006144393,0.006144393,0.007680492,0.006144393,0.007680492,0.006144393,0.006144393,0.007680492,0.05837174,0,0,0,0,0,0,0
7,1,2,1,0.1319261,0.01187335,0.01187335,0.01055409,0.1437995,0.01451187,0.01583114,0.02242744,0.02242744,0.01978892,0.01978892,0.1372032,0.03034301,0.02902375,0.02902375,0.0237467,0.1081794,0,0,0,0,0,0,0,0,0,0,0,0,0.02638523,0.02506596,0.02242744,0.02110818,0.01583114,0.01583114,0.09102903
7,1,3,0,0.1778712,0.004201681,0.005602241,0.00140056,0.004201681,0.002801121,0.004201681,0.002801121,0.002801121,0.004201681,0.002801121,0.2212885,0.005602241,0.002801121,0.005602241,0.002801121,0.002801121,0.005602241,0.002801121,0.08683474,0.01960784,0.01680672,0.0140056,0.0140056,0.01540616,0.1260504,0.01540616,0.01680672,0.01680672,0.01540616,0.1806723,0,0,0,0,0
7,1,3,1,0.1016311,0.005018821,0.005018821,0.003764115,0.006273526,0.1041405,0.01003764,0.008782936,0.01003764,0.01003764,0.01129235,0.01380176,0.01380176,0.01380176,0.05646173,0.007528231,0.007528231,0.008782936,0.008782936,0.007528231,0.01129235,0.08155584,0.1041405,0.0238394,0.02258469,0.0250941,0.03136763,0.03889586,0.03387704,0.174404,0.03889586,0,0,0,0,0
8,0,1,0,0.2108731,0.01812191,0.01482702,0.01317957,0.01317957,0.07413509,0.0461285,0.01317957,0.1087315,0.05766062,0.04777595,0.1136738,0.03953872,0.02965404,0.01317957,0.01317957,0.01482702,0.06095552,0.01482702,0.01317957,0.01482702,0.01317957,0.01647446,0.0247117,0,0,0,0,0,0,0,0,0,0,0,0
8,0,1,1,0.4671916,0.02099738,0.02230971,0.02099738,0.02230971,0.03543307,0.04068241,0.02099738,0.02099738,0.02099738,0.02493438,0.06430446,0,0,0,0,0,0,0,0,0,0,0,0,0.03412073,0.03805774,0.01181102,0.01049869,0.01181102,0.0144357,0.01968504,0.01049869,0.01049869,0.01181102,0.01049869,0.03412073
8,0,2,0,0.3009259,0.06944445,0.01851852,0.02083333,0.09027778,0.03703704,0.02083333,0.01851852,0.01851852,0.01851852,0.02083333,0.1342593,0.0925926,0.02083333,0.02314815,0.05555556,0.02083333,0.01851852,0,0,0,0,0,0,0,0,0,0,0,0,0,0,0,0,0,0
8,0,2,1,0.3147322,0.02008929,0.01785714,0.03571429,0.1361607,0.03794643,0.03571429,0.03571429,0.04017857,0.03571429,0.03571429,0.2098214,0.04464286,0,0,0,0,0,0,0,0,0,0,0,0,0,0,0,0,0,0,0,0,0,0,0
8,0,3,0,0.4288462,0.03269231,0.03076923,0.05,0,0,0,0,0,0,0,0,0,0,0,0,0,0,0,0,0.02692308,0.03269231,0.03076923,0.03269231,0.03269231,0.03076923,0.03269231,0.03653846,0.09038462,0.01538462,0.01730769,0.01538462,0.01538462,0.01730769,0.01538462,0.01538462
8,0,3,1,0.4285714,0.02179177,0.02179177,0.01937046,0.01937046,0.02179177,0.01937046,0.04358354,0.02179177,0.02179177,0.04116223,0.05326877,0.01937046,0.01937046,0.01937046,0.07506054,0.02179177,0.06053269,0.05084746,0,0,0,0,0,0,0,0,0,0,0,0,0,0,0,0,0
9,1,1,0,0.1758242,0.01098901,0.008791209,0.008791209,0.01098901,0.1021978,0.1439561,0.00989011,0.006593407,0.007692308,0.006593407,0.006593407,0.01208791,0.1065934,0,0,0,0,0,0,0.08571429,0.01098901,0.00989011,0.1428571,0.005494506,0.005494506,0.005494506,0.004395605,0.005494506,0.004395605,0.07032967,0.006593407,0.005494506,0.006593407,0.006593407,0.006593407
9,1,1,1,0.1005236,0.0104712,0.01151832,0.009424084,0.06492147,0.1591623,0.007329843,0.07853403,0.01256545,0.009424084,0.008376963,0.009424084,0.008376963,0.1340314,0,0,0,0,0.0816754,0.007329843,0.006282723,0.005235602,0.005235602,0.006282723,0.005235602,0.1162304,0.002094241,0.003141361,0.002094241,0.004188482,0.09842932,0.007329843,0.006282723,0.006282723,0.006282723,0.006282723
9,1,2,0,0.2456609,0.01201602,0.01201602,0.01201602,0.01068091,0.08678238,0.01068091,0.01201602,0.0881175,0.1548732,0.009345795,0.008010682,0.009345795,0.009345795,0.008010682,0.01201602,0.1001335,0,0,0,0,0,0,0,0,0,0,0.05073432,0.006675567,0.004005341,0.006675567,0.005340454,0.004005341,0.006675567,0.1081442,0.006675567
9,1,2,1,0.2007926,0.007926024,0.009247028,0.00660502,0.1955086,0.01717305,0.01981506,0.03566711,0.1902246,0.007926024,0.01056803,0.007926024,0.007926024,0.01056803,0.009247028,0.01056803,0.1003963,0,0,0,0,0,0,0,0,0,0,0,0.03698811,0.005284016,0.00660502,0.005284016,0.005284016,0.00660502,0.07926024,0.00660502
9,1,3,0,0.1733333,0.006060606,0.007272727,0.008484849,0.07515152,0.004848485,0.1090909,0.02060606,0.02787879,0.003636364,0.006060606,0.003636364,0.004848485,0.07151515,0.004848485,0.003636364,0.004848485,0.003636364,0.003636364,0.004848485,0.08484849,0.01333333,0.07272727,0.01333333,0.01333333,0.01333333,0.01090909,0.01333333,0.01333333,0.01454545,0.1890909,0,0,0,0,0
9,1,3,1,0.2883263,0.004219409,0.004219409,0.004219409,0.008438818,0.007032349,0.004219409,0.005625879,0.002812939,0.004219409,0.1293952,0.007032349,0.004219409,0.004219409,0.03375527,0.005625879,0.005625879,0.002812939,0.005625879,0.08720113,0.0140647,0.09001406,0.01547117,0.0140647,0.01547117,0.01265823,0.01547117,0.01265823,0.01687764,0.02109705,0.1068917,0.0464135,0,0,0,0
10,0,1,0,0.1291053,0.02491506,0.01925255,0.01925255,0.03397508,0.06002265,0.07701019,0.0407701,0.02038505,0.01925255,0.01925255,0.01812004,0.02038505,0.03171008,0.03737259,0.01925255,0.009060022,0.04190261,0.05209513,0.01925255,0.01925255,0.01925255,0.02151755,0.03057758,0.03284258,0.007927519,0.007927519,0.01698754,0.02718007,0.009060022,0.02378256,0.006795017,0.009060022,0.007927519,0.02265006,0.02491506
10,0,1,1,0.1590909,0.02424242,0.05,0.03939394,0.1787879,0.04848485,0.02272727,0.02727273,0.02575758,0.02575758,0.02424242,0.02727273,0.03939394,0.01969697,0,0,0,0,0,0.01515151,0.02575758,0.02575758,0.02424242,0.01212121,0.01060606,0.01060606,0.01060606,0.01212121,0.02727273,0.03787879,0.02121212,0.01060606,0.01212121,0.01060606,0.01060606,0.01060606
10,0,2,0,0.1524548,0.06589147,0.05426357,0.04263566,0.04521964,0.04005168,0.04651163,0.03875969,0.02325581,0.1072351,0.05167959,0.04134367,0.02067184,0.02196383,0.02196383,0.02325581,0.03875969,0.04521964,0.04651163,0,0,0,0,0,0,0,0,0,0,0,0,0,0,0.007751938,0.04780362,0.01679587
10,0,2,1,0.1499461,0.03667745,0.03344121,0.03451996,0.03236246,0.04530744,0.0355987,0.03451996,0.03020496,0.01618123,0.04422869,0.05393743,0.02804746,0.01618123,0.01510248,0.01618123,0.01510248,0.01618123,0.01510248,0.01618123,0.01510248,0.01510248,0.01618123,0.01618123,0.01510248,0.01510248,0.01618123,0.01510248,0.01510248,0.01618123,0.01618123,0.02696872,0.04099245,0.02804746,0.02265372,0.02481122
10,0,3,0,0.1013333,0.03866667,0.01866667,0.01333333,0.012,0.01333333,0.01333333,0.012,0.01333333,0.01333333,0.01333333,0.012,0.01333333,0.01333333,0.03866667,0.04133333,0.03466666,0.036,0.036,0.04666667,0.03466666,0.03466666,0.036,0.03866667,0.04533333,0.03466666,0.036,0.03733333,0.03333333,0.05066667,0.076,0.007999999,0,0,0,0
10,0,3,1,0.2106667,0.01333333,0.012,0.01333333,0.01333333,0.012,0.01333333,0.01333333,0.01333333,0.012,0.01333333,0.02533333,0.03733333,0.08266667,0.03733333,0.06266667,0.05866667,0.068,0.084,0.06133333,0.02266667,0.02266667,0.02266667,0.02266667,0.02266667,0.02266667,0.006666667,0,0,0,0,0,0,0,0,0
11,1,1,0,0.2048099,0.01861908,0.01784329,0.01784329,0.01861908,0.166796,0.01939488,0.02404965,0.02017068,0.01784329,0.01706749,0.0155159,0.0162917,0.0799069,0,0,0,0,0,0,0.08223429,0.01706749,0.0155159,0.0162917,0.06594259,0.01086113,0.01008534,0.009309542,0.008533747,0.006982157,0.05896043,0.008533747,0.009309542,0.008533747,0.009309542,0.007757952
11,1,1,1,0.2143532,0.01794145,0.01510859,0.01322002,0.01510859,0.1945231,0.01699717,0.01605288,0.01888574,0.01699717,0.01888574,0.01699717,0.09254013,0,0,0,0,0,0,0,0.07459868,0.01133144,0.01227573,0.09254013,0.006610009,0.006610009,0.005665722,0.006610009,0.006610009,0.006610009,0.009442871,0.0651558,0.006610009,0.006610009,0.006610009,0.008498583
11,1,2,0,0.1223744,0.01826484,0.01917808,0.01826484,0.01917808,0.1077626,0.01643836,0.01461187,0.01643836,0.07579909,0.01461187,0.01552511,0.01461187,0.01369863,0.08949772,0,0,0,0.06392694,0.01826484,0.01643836,0.0173516,0.01643836,0.01826484,0.01826484,0.01917808,0.02009132,0.01917808,0.02009132,0.02009132,0.04840183,0.0109589,0.008219178,0.06757991,0.0109589,0.01004566
11,1,2,1,0.1163735,0.02300406,0.0202977,0.2395128,0.01759134,0.01623816,0.01894452,0.0202977,0.1299053,0.02571042,0.0202977,0.0202977,0.01894452,0.01488498,0.01759134,0.06630582,0,0,0,0,0,0,0,0,0,0,0,0,0,0.0541272,0.01217862,0.01217862,0.01082544,0.009472259,0.01082544,0.1041949
11,1,3,0,0.1312608,0.01036269,0.01208981,0.0109384,0.0109384,0.00978699,0.01036269,0.05238918,0.006332758,0.005757052,0.005181347,0.005757052,0.08117444,0.00978699,0.008635579,0.009211284,0.008635579,0.009211284,0.008635579,0.119171,0.03223949,0.03223949,0.07829592,0.02705815,0.02763385,0.02705815,0.02705815,0.02590674,0.02533103,0.02360392,0.04548072,0.04548072,0.004029937,0.0437536,0.004605642,0.004605642
11,1,3,1,0.154825,0.007423118,0.009544009,0.007423118,0.008483564,0.007423118,0.007423118,0.007423118,0.1124072,0.009544009,0.008483564,0.008483564,0.008483564,0.008483564,0.06892896,0.006362673,0.006362673,0.006362673,0.006362673,0.006362673,0.1028632,0.08377519,0.02757158,0.02651114,0.02545069,0.02545069,0.02439024,0.02439024,0.0233298,0.0583245,0.1113468,0,0,0,0,0
12,0,1,0,0.08431952,0.03994083,0.04142012,0.0887574,0.04881657,0.02071006,0.03550296,0.03550296,0.03106509,0.05325444,0.0591716,0.0591716,0.06213018,0.03846154,0.03698225,0.03698225,0.03698225,0.04585799,0.0147929,0.01183432,0.01183432,0.01183432,0.01331361,0.0147929,0.03550296,0.03106509,0,0,0,0,0,0,0,0,0,0
12,0,1,1,0.2159864,0.02891156,0.02721088,0.02721088,0.05612245,0.1615646,0.1173469,0,0,0,0,0,0,0,0,0,0,0,0,0,0,0,0,0,0,0,0.08843537,0.0255102,0.01360544,0.01360544,0.01530612,0.01360544,0.01360544,0.01360544,0.0170068,0.1513605
12,0,2,0,0.369343,0.05839416,0.04671533,0.07737226,0.1313869,0.09051094,0.04671533,0.05255474,0.1109489,0,0,0,0,0,0,0,0,0,0,0,0,0,0,0,0,0,0,0,0,0,0,0,0,0,0,0.01605839
12,0,2,1,0.1384083,0.01384083,0.01384083,0.02768166,0.07093426,0.05882353,0.04325259,0.0449827,0.04152249,0.05709343,0.08304498,0.08477509,0.0467128,0.0449827,0.03287197,0.01384083,0.02249135,0.0449827,0.03633218,0.02595156,0,0,0,0,0,0,0,0,0,0,0,0,0,0,0,0.05363322
12,0,3,0,0.2079208,0.05148515,0.04950495,0.03168317,0.01584158,0.01782178,0.01584158,0.01584158,0.04356436,0.04554456,0.01584158,0.01782178,0.01584158,0.01584158,0.01782178,0.01584158,0.01584158,0.01584158,0.01782178,0.01584158,0.01584158,0.01782178,0.01584158,0.01584158,0.01584158,0.01782178,0.01584158,0.01584158,0.01782178,0.01584158,0.01584158,0.03366337,0.03564357,0.08118812,0.009900991,0
12,0,3,1,0.1584507,0.05809859,0.01584507,0.01408451,0.01408451,0.01584507,0.01408451,0.01408451,0.0193662,0.02816901,0.01408451,0.01408451,0.01408451,0.01584507,0.01408451,0.01408451,0.01584507,0.01408451,0.02112676,0.04753521,0.06338028,0.04401409,0.04753521,0.04225352,0.04577465,0.06514084,0.04577465,0.06866197,0,0,0,0,0,0,0.008802816,0.03169014
15,1,1,0,0.3553387,0.02238806,0.007462686,0.007462686,0.006888634,0.1125143,0.01205511,0.07233065,0.01148106,0.01148106,0.01148106,0.02525832,0.008610792,0.0912744,0,0,0,0,0,0,0,0.09988519,0.01033295,0.009758897,0.02698048,0.004592422,0.005166475,0.00401837,0.005166475,0.004592422,0.00401837,0.05338691,0.004592422,0.00401837,0.00401837,0.003444317
15,1,1,1,0.1863286,0.0154355,0.0154355,0.01653804,0.1278942,0.01433297,0.1201764,0.01323043,0.01323043,0.01323043,0.1256891,0,0,0,0,0,0,0.09151047,0.008820287,0.008820287,0.009922823,0.009922823,0.007717751,0.07166483,0.03197354,0.002205072,0.003307607,0.002205072,0.003307607,0.002205072,0.005512679,0.0584344,0.005512679,0.005512679,0.005512679,0.004410143
15,1,2,0,0.1603229,0.03690888,0.01268743,0.01153402,0.1072664,0.0438293,0.01384083,0.01038062,0.01038062,0.01384083,0.01730104,0.1084198,0.01730104,0.1557093,0,0,0,0,0,0,0,0,0,0,0,0,0,0.04152249,0.005767012,0.00461361,0.00461361,0.005767012,0.0438293,0.1683968,0.003460207,0.002306805
15,1,2,1,0.1145038,0.09499576,0.01187447,0.009329941,0.01017812,0.01272265,0.1128075,0.03562341,0.02120441,0.09838846,0.01272265,0.01357082,0.01187447,0.01272265,0.08481764,0.02374894,0.005937235,0.005089059,0.005089059,0.06361323,0.005089059,0.005089059,0.005089059,0.005937235,0.005089059,0.005937235,0.006785411,0.005089059,0.006785411,0.02714165,0.08566582,0.05513147,0.005089059,0.004240882,0.005937235,0.005089059
15,1,3,0,0.1205575,0.1038328,0.01114983,0.007665505,0.005574913,0.005574913,0.004878049,0.02857143,0.1003484,0.006271777,0.02229965,0.02229965,0.03135888,0.07665505,0.01811847,0.01811847,0.03275261,0.01533101,0.0195122,0.06411149,0.01463415,0.07944251,0.006271777,0.006968641,0.005574913,0.006968641,0.006271777,0.00836237,0.07874564,0,0,0,0.04738676,0.02090592,0.002090592,0.001393728
15,1,3,1,0.1566633,0.008138352,0.008138352,0.008138352,0.008138352,0.01119023,0.02746694,0.006103764,0.1057986,0.004069176,0.004069176,0.003051882,0.003051882,0.003051882,0.003051882,0.004069176,0.07121058,0.006103764,0.03763988,0.1078332,0.01424212,0.01119023,0.1027467,0.009155646,0.01220753,0.01017294,0.034588,0.01322482,0.01220753,0.07527976,0.1180061,0,0,0,0,0
16,0,1,0,0.3128205,0.02461538,0.01641026,0.0174359,0.0174359,0.0851282,0.0174359,0.01641026,0.0174359,0.01641026,0.06974359,0.06974359,0.0625641,0,0,0,0.01333333,0.0174359,0.01641026,0.01846154,0.01641026,0.01641026,0.01641026,0.01846154,0.01641026,0.008205128,0.009230769,0.008205128,0.008205128,0.0225641,0.008205128,0.008205128,0.009230769,0.008205128,0.008205128,0.008205128
16,0,1,1,0.2091295,0.01804671,0.01804671,0.01698514,0.01910828,0.1019108,0.09341826,0.01804671,0.01804671,0.01698514,0.01804671,0.01804671,0.01804671,0.07537156,0.02123142,0,0,0,0,0,0.04458599,0.01804671,0.01804671,0.01698514,0.08067941,0.00955414,0.008492569,0.008492569,0.00955414,0.008492569,0.00955414,0.05201699,0.008492569,0.008492569,0.00955414,0.008492569
16,0,2,0,0.3106181,0.1045959,0.03803487,0.03803487,0.04120444,0.03961965,0.03803487,0.03961965,0.04120444,0.1378764,0.01267829,0.01426307,0.01267829,0.01267829,0.01267829,0.01426307,0.01267829,0.009508717,0,0,0,0,0,0,0,0,0,0,0,0,0,0,0,0,0.01584786,0.05388273
16,0,2,1,0.2473812,0.01933924,0.02014504,0.02014504,0.02014504,0.08460919,0.01933924,0.02014504,0.06446414,0.02256245,0.02014504,0.01933924,0.02095085,0.01933924,0.02014504,0.01933924,0.0918614,0.01128122,0.05640613,0.006446414,0.007252216,0.006446414,0.006446414,0.007252216,0.006446414,0.006446414,0.006446414,0.007252216,0.006446414,0.006446414,0.03223207,0,0,0,0.06365834,0.01369863
16,0,3,0,0.1792929,0.01136364,0.01010101,0.01010101,0.01010101,0.01136364,0.01010101,0.01010101,0.01136364,0.0290404,0.01010101,0.01010101,0.01136364,0.01010101,0.01010101,0.01010101,0.01136364,0.01893939,0.01010101,0.01010101,0.1098485,0.03282828,0.03156566,0.03030303,0.04166667,0.03156566,0.03156566,0.03030303,0.03282828,0.08080808,0.02020202,0.02020202,0.02146465,0.02146465,0.02020202,0.03787879
16,0,3,1,0.2161922,0.007117438,0.007117438,0.008007118,0.007117438,0.007117438,0.008007118,0.008896797,0.0658363,0.007117438,0.008007118,0.007117438,0.007117438,0.008007118,0.007117438,0.04893238,0.008007118,0.007117438,0.007117438,0.08629894,0.02135231,0.02313167,0.05427046,0.02135231,0.02224199,0.02313167,0.02135231,0.02135231,0.02313167,0.02224199,0.1245552,0.01512455,0.02313167,0.01512455,0.03113879,0
17,1,1,0,0.2090762,0.005672609,0.05186386,0.01539708,0.01539708,0.2017828,0.005672609,0.004862237,0.004862237,0.004862237,0.005672609,0.004862237,0.0089141,0.1183144,0,0,0,0,0,0.07536466,0.02755267,0.01458671,0.03079416,0.08022691,0.006482982,0.004862237,0.004051864,0.004051864,0.003241491,0.004862237,0.06807131,0.004862237,0.004051864,0.004051864,0.003241491,0.002431118
17,1,1,1,0.1451271,0.01165254,0.01165254,0.01165254,0.1122881,0.02012712,0.1016949,0.02118644,0.02118644,0.02118644,0.08898305,0.02542373,0.03601695,0.00529661,0.00529661,0.004237288,0.00529661,0.004237288,0.00529661,0.007415254,0.1175847,0.007415254,0.006355932,0.1493644,0.007415254,0.007415254,0.00529661,0.03389831,0,0,0,0,0,0,0,0
17,1,2,0,0.1133005,0.009852217,0.009031199,0.1256158,0.00821018,0.006568145,0.02463054,0.01970443,0.08949097,0.01067324,0.00821018,0.009852217,0.005747126,0.004926108,0.004926108,0.004926108,0.004926108,0.006568145,0.1272578,0.02216749,0.04187192,0.0270936,0.01559934,0.01067324,0.01067324,0.01149425,0.009852217,0.01149425,0.02955665,0.05665025,0.01559934,0.01149425,0.01231527,0.1050903,0.006568145,0.007389163
17,1,2,1,0.1306695,0.006479481,0.007559395,0.007559395,0.1133909,0.009719222,0.008639309,0.008639309,0.1058315,0.01187905,0.01511879,0.01403888,0.01295896,0.01187905,0.02051836,0.06155507,0,0.06263499,0.01727862,0.02915767,0.02807775,0.01943844,0.01403888,0.01403888,0.01295896,0.01295896,0.01187905,0.009719222,0.01079914,0.03239741,0.07451404,0.01727862,0.07775377,0.003239741,0.003239741,0.002159827
17,1,3,0,0.1886792,0.006289308,0.006289308,0.0115304,0.02096436,0.02096436,0.01991614,0.07861635,0.009433962,0.01781971,0.02620545,0.007337526,0.004192872,0.00524109,0.06708595,0.007337526,0.006289308,0.01362683,0.07337526,0.02201258,0.01781971,0.05974843,0.01991614,0.02096436,0.02201258,0.01467505,0.0115304,0.0115304,0.0115304,0.0932914,0.04926625,0.02830189,0.006289308,0.007337526,0.00524109,0.007337526
17,1,3,1,0.1148256,0.01671512,0.02107558,0.02107558,0.02107558,0.02180232,0.02180232,0.08357558,0.01598837,0.01235465,0.01162791,0.05377907,0.01453488,0.0130814,0.01598837,0.0181686,0.01889535,0.04869186,0.05959302,0.04069768,0.0559593,0.02107558,0.06976745,0.01017442,0.01017442,0.009447674,0.01090116,0.01017442,0.01090116,0.01162791,0.06613372,0,0,0.04796512,0.01162791,0.008720931
18,0,1,0,0.4470939,0.02980626,0.0461997,0.02682563,0.0804769,0.02831595,0.02533532,0.02384501,0.02384501,0.02682563,0.02384501,0.02384501,0.03278689,0,0,0,0,0,0,0,0,0,0,0,0,0.02086438,0.02682563,0.01490313,0.0119225,0.0119225,0.0119225,0.01341282,0.0119225,0.0119225,0.01341282,0.0119225
18,0,1,1,0.2933105,0.01372213,0.4391081,0.2538593,0,0,0,0,0,0,0,0,0,0,0,0,0,0,0,0,0,0,0,0,0,0,0,0,0,0,0,0,0,0,0,0
18,0,2,0,0.1345029,0.01988304,0.01871345,0.01988304,0.02222222,0.01988304,0.05964912,0.01988304,0.01871345,0.01871345,0.01988304,0.01988304,0.01871345,0.01988304,0.01988304,0.01871345,0.04795321,0.04093567,0.04093567,0.03274854,0.01871345,0.01988304,0.01871345,0.01988304,0.01988304,0.01871345,0.01988304,0.01871345,0.01988304,0.03157895,0.01403509,0.04327485,0.0128655,0.01637427,0.01052632,0.06549708
18,0,2,1,0.3625593,0.01895735,0.1706161,0.1421801,0.3056872,0,0,0,0,0,0,0,0,0,0,0,0,0,0,0,0,0,0,0,0,0,0,0,0,0,0,0,0,0,0,0
18,0,3,0,0.1951515,0.02060606,0.02060606,0.01939394,0.02060606,0.01939394,0.02060606,0.01939394,0.02060606,0.02060606,0.01939394,0.05939394,0.02060606,0.02060606,0.02060606,0.01939394,0.02060606,0.01939394,0.02060606,0.01939394,0.02060606,0.0230303,0.04121212,0.03030303,0,0,0,0,0,0,0,0,0,0.2242424,0.0339394,0.00969697
18,0,3,1,0.4004474,0.01789709,0.01789709,0.03131991,0.1879195,0.01789709,0.02013423,0.03355705,0.1230425,0.1498881,0,0,0,0,0,0,0,0,0,0,0,0,0,0,0,0,0,0,0,0,0,0,0,0,0,0
19,1,1,0,0.1558797,0.01002735,0.00911577,0.01093892,0.01093892,0.01823154,0.09480401,0.1048314,0.0118505,0.01002735,0.00911577,0.01458523,0.08477666,0.1257976,0,0,0,0,0,0,0.01914312,0.0319052,0.04466727,0.03372835,0.08568824,0.004557885,0.005469462,0.003646308,0.005469462,0.005469462,0.005469462,0.006381039,0.01002735,0.05834093,0.005469462,0.003646308
19,1,1,1,0.1024546,0.01173959,0.01173959,0.1654216,0.01707577,0.0149413,0.0565635,0.01173959,0.01173959,0.01280683,0.01067236,0.1483458,0.01067236,0.009605123,0.009605123,0.01280683,0.04589114,0,0,0.05869797,0.01280683,0.01280683,0.0149413,0.1067236,0.005336179,0.007470651,0.007470651,0.005336179,0.007470651,0.006403415,0.006403415,0.06403415,0.005336179,0.004268943,0.005336179,0.005336179
19,1,2,0,0.260929,0.01775956,0.01639344,0.0136612,0.01229508,0.01502732,0.1325137,0.0136612,0.01229508,0.01502732,0.09699453,0.0136612,0.01229508,0.01502732,0.01502732,0.1680328,0,0,0,0,0,0,0,0,0,0,0,0,0.03005464,0.008196721,0.008196721,0.008196721,0.006830601,0.008196721,0.009562842,0.09016393
19,1,2,1,0.1847507,0.01612903,0.01466276,0.01466276,0.01759531,0.01466276,0.01612903,0.202346,0.01759531,0.1173021,0.01466276,0.01612903,0.01466276,0.01612903,0.01759531,0.1744868,0,0,0,0,0,0,0,0,0,0,0,0.02932551,0.007331378,0.005865103,0.007331378,0.005865103,0.005865103,0.008797654,0.0542522,0.005865103
19,1,3,0,0.1941392,0.01190476,0.00915751,0.008241759,0.008241759,0.008241759,0.008241759,0.007326007,0.06684982,0.01373626,0.00915751,0.09065934,0.01190476,0.04304029,0.008241759,0.008241759,0.00915751,0.008241759,0.01007326,0.00915751,0.01007326,0.1272894,0.02014652,0.08333334,0.00915751,0.00915751,0.00915751,0.00915751,0.008241759,0.01190476,0.03663004,0.03937729,0.005494506,0.007326007,0.05494506,0.01465201
19,1,3,1,0.03429603,0.06046931,0.00631769,0.00631769,0.00631769,0.00631769,0.007220217,0.00631769,0.02527076,0.1137184,0.007220217,0.00631769,0.007220217,0.05595668,0.0198556,0.02075812,0.03068592,0.01714801,0.01714801,0.01624549,0.01895307,0.07761732,0.09115523,0.0198556,0.01805054,0.01895307,0.0198556,0.02075812,0.03249098,0.1416968,0,0,0,0,0,0.06949458
20,0,1,0,0.1679389,0.05648855,0.0259542,0.0259542,0.02442748,0.02442748,0.06412214,0.05801527,0.07328244,0.0519084,0.0259542,0.0259542,0.04122137,0.06870229,0.01832061,0,0,0,0,0,0,0,0,0.04427481,0.06412214,0.01374046,0.01221374,0.01221374,0.01221374,0.01374046,0.01221374,0.01221374,0.01374046,0.01221374,0.01221374,0.01221374
20,0,1,1,0.1724138,0.05938697,0.03256705,0.03256705,0.03065134,0.05938697,0.07854406,0.05172414,0.03065134,0.03256705,0.03256705,0.03065134,0.0651341,0.04022988,0.05172414,0.03065134,0.0440613,0,0,0,0,0,0,0,0,0,0,0,0.01340996,0.01532567,0.01532567,0.01724138,0.01532567,0.01532567,0.01532567,0.01724138
20,0,2,0,0.4894552,0.03251318,0.01405975,0.01493849,0.01405975,0.01845343,0.0202109,0.01493849,0.01405975,0.01493849,0.02811951,0.02899824,0.02899824,0.02460457,0,0,0,0,0.03690685,0.01405975,0.01493849,0.01405975,0.01493849,0.01405975,0.01493849,0.01493849,0.01405975,0.01493849,0.01405975,0.01493849,0.008787346,0.007029877,0.007908612,0.007029877,0.007029877,0.007029877
20,0,2,1,0.1183746,0.05477032,0.01590106,0.01413428,0.01413428,0.01590106,0.04063604,0.02120141,0.01413428,0.01413428,0.01413428,0.01590106,0.01413428,0.07420494,0.04770318,0.04416961,0.04240283,0.04946997,0.04416961,0.04770318,0.03180212,0.03180212,0.0229682,0.01413428,0.01590106,0.01413428,0.01413428,0.01590106,0.01413428,0.01413428,0.03710247,0.01590106,0.04063604,0,0,0
20,0,3,0,0.08785249,0.01518438,0.00867679,0.01193059,0.00867679,0.00867679,0.009761388,0.00867679,0.009761388,0.01626898,0.00867679,0.01409978,0.04446855,0.03687636,0.02711497,0.02711497,0.02603037,0.02819957,0.04555315,0.06073753,0.06290673,0.04555315,0.04555315,0.07809111,0.04229935,0.02603037,0.02603037,0.03253796,0.06399132,0.04013015,0.009761388,0.02277657,0,0,0,0
20,0,3,1,0.1341991,0.01731602,0.02489178,0.01731602,0.03787879,0.05519481,0.02272727,0.01839827,0.01731602,0.01839827,0.01731602,0.01839827,0.01839827,0.01731602,0.01839827,0.01731602,0.01839827,0.01731602,0.01839827,0.01839827,0.02056277,0.02705628,0.01839827,0.01839827,0.01731602,0.01731602,0.02380952,0.03571429,0.03463203,0.08116883,0.04437229,0.05844156,0.03246753,0.009740259,0.008658009,0.008658009
22,0,1,0,0.2037815,0.03151261,0.01890756,0.01890756,0.03151261,0.1071429,0.06512605,0.05042017,0.05252101,0.07352941,0.05252101,0.0882353,0.01890756,0.01680672,0.01680672,0.01890756,0.01680672,0.03361345,0.01890756,0.01680672,0.01680672,0.01890756,0.01260504,0,0,0,0,0,0,0,0,0,0,0,0,0
22,0,1,1,0.2840691,0.0268714,0.04414587,0.04990403,0.04990403,0.07101727,0.08253359,0.04798464,0.04990403,0.04606526,0.04798464,0.04990403,0.04606526,0.04798464,0.05566218,0,0,0,0,0,0,0,0,0,0,0,0,0,0,0,0,0,0,0,0,0
22,0,2,0,0.3283262,0.03218884,0.01931331,0.01716738,0.01716738,0.03004292,0.04935622,0.01716738,0.01716738,0.01931331,0.03648069,0.111588,0.09656652,0.01716738,0.01716738,0.01931331,0.01716738,0.06223176,0.01716738,0.01931331,0.01716738,0.01716738,0.004291845,0,0,0,0,0,0,0,0,0,0,0,0,0
22,0,2,1,0.2007952,0.02186879,0.01988072,0.01590457,0.01789264,0.01590457,0.01988072,0.04970179,0.01590457,0.01590457,0.01789264,0.01590457,0.01590457,0.01789264,0.01590457,0.01590457,0.01590457,0.01789264,0.01590457,0.01590457,0.01789264,0.01590457,0.03578529,0.01590457,0.01789264,0.03777336,0.04771372,0.05168986,0.06163022,0.03180914,0.03180914,0.03578529,0.03976143,0,0,0
22,0,3,0,0.4711539,0.01098901,0.01098901,0.01098901,0.01236264,0.01098901,0.01098901,0.01236264,0.01098901,0.01098901,0.01098901,0.01236264,0.01098901,0.01098901,0.01236264,0.01098901,0.01098901,0.01098901,0.01236264,0.01098901,0.01098901,0.01236264,0.08653846,0.04258242,0.02335165,0.02197802,0.02335165,0.02197802,0.02335165,0.0260989,0.0206044,0,0,0,0,0
22,0,3,1,0.3807947,0.03311258,0.02980132,0.02649007,0.02649007,0.02980132,0.02649007,0.02649007,0.03311258,0.09271523,0.0794702,0.0794702,0.05629139,0.05629139,0.02317881,0,0,0,0,0,0,0,0,0,0,0,0,0,0,0,0,0,0,0,0,0
23,1,1,0,0.1864831,0.007509387,0.1013767,0.008760951,0.1414268,0.003754694,0.003754694,0.003754694,0.006257822,0.003754694,0.003754694,0.005006258,0.006257822,0.07133918,0,0,0,0,0.07884856,0.01001252,0.005006258,0.006257822,0.08886108,0.002503129,0.002503129,0.002503129,0.06508135,0.001251564,0.002503129,0.02503129,0.007509387,0.08760951,0.002503129,0.001251564,0.0387985,0.01877347
23,1,1,1,0.09153318,0.1418764,0.1266209,0.03051106,0.03051106,0.02517163,0.006864989,0.003813883,0.005339436,0.01525553,0.01067887,0.06712434,0.004576659,0.02059497,0.006102212,0.007627765,0.01601831,0.01067887,0.05644546,0.006864989,0.04424104,0.008390542,0.006864989,0.04271549,0.01067887,0.064836,0.004576659,0.003051106,0.01830664,0.009916095,0.0846682,0.00228833,0.003813883,0.003051106,0.003051106,0.005339436
23,1,2,0,0.1766784,0.005889282,0.004711425,0.005889282,0.08598351,0.005889282,0.003533569,0.004711425,0.007067138,0.08127209,0.01295642,0.01177856,0.05771496,0.003533569,0.004711425,0.004711425,0.04122497,0.1060071,0.01177856,0.02355713,0.005889282,0.007067138,0.007067138,0.05771496,0.008244994,0.009422851,0.01766784,0.008244994,0.004711425,0.005889282,0.06124853,0.01413428,0.03062426,0.005889282,0.008244994,0.08833922
23,1,2,1,0.1433486,0.07110091,0.005733944,0.004587156,0.006880734,0.1318807,0.03440367,0.04243119,0.005733944,0.004587156,0.005733944,0.005733944,0.003440367,0.006880734,0.004587156,0.01720183,0.07110091,0.01261468,0.01261468,0.008027523,0.0103211,0.008027523,0.0103211,0.008027523,0.0103211,0.009174312,0.02293578,0.0309633,0.01834862,0.06766055,0.02408257,0.01949541,0.0825688,0.06651376,0.005733944,0.006880734
23,1,3,0,0.1686526,0.008249313,0.009165903,0.008249313,0.008249313,0.009165903,0.008249313,0.06691109,0.005499542,0.005499542,0.003666361,0.004582951,0.02108158,0.01191567,0.01008249,0.04857928,0.05316224,0.004582951,0.002749771,0.004582951,0.08615948,0.02291476,0.005499542,0.002749771,0.005499542,0.003666361,0.003666361,0.005499542,0.002749771,0.02474794,0.007332722,0.05774519,0.1585701,0.02474794,0.01008249,0.1154904
23,1,3,1,0.1635338,0.01315789,0.06390978,0.03195489,0.0112782,0.04417294,0.004699248,0.003759399,0.005639098,0.004699248,0.06672932,0.004699248,0.02819549,0.03101504,0.009398497,0.01879699,0.01597744,0.01503759,0.08928572,0.002819549,0.03947369,0.02725564,0.002819549,0.002819549,0.003759399,0.003759399,0.05733083,0.002819549,0.005639098,0.06954888,0.07236842,0.008458647,0.01409774,0.04793233,0.006578947,0.006578947
24,0,1,0,0.3278418,0.02965404,0.02635914,0.02635914,0.02965404,0.02635914,0.1499176,0.02635914,0.02800659,0.02800659,0.07413509,0.02635914,0.008237232,0,0,0,0,0,0,0,0,0,0,0,0,0,0,0,0.06919275,0.01317957,0.01482702,0.01317957,0.01317957,0.01317957,0.01482702,0.04118616
24,0,1,1,0.2130898,0.02435312,0.02587519,0.02587519,0.1126332,0.02435312,0.1445967,0.02435312,0.02435312,0.02739726,0.02435312,0.08066971,0.00456621,0,0,0,0,0,0,0,0,0,0.03652968,0.01217656,0.01217656,0.01217656,0.01369863,0.01217656,0.01217656,0.01369863,0.01217656,0.01217656,0.05631659,0.01217656,0.01217656,0.01369863
24,0,2,0,0.3379845,0.02635659,0.0248062,0.02635659,0.1410853,0.0248062,0.02635659,0.02635659,0.0248062,0.1457364,0.02635659,0.0248062,0.0248062,0.02790698,0.07906976,0.0124031,0,0,0,0,0,0,0,0,0,0,0,0,0,0,0,0,0,0,0,0
24,0,2,1,0.6065574,0.04644809,0.04644809,0.04371585,0.04644809,0.04371585,0.08469945,0,0,0,0,0,0,0,0,0,0,0,0,0,0,0,0,0,0,0,0,0,0,0,0,0,0,0,0.02459016,0.05737705
24,0,3,0,0.2615894,0.01324503,0.04801324,0.04139073,0.04139073,0.04139073,0.0397351,0.04304636,0.0397351,0.04139073,0.04139073,0.02649007,0.01324503,0.05629139,0.01324503,0.01490066,0.01324503,0.01324503,0.01324503,0.01490066,0.01324503,0.01324503,0.01490066,0.01324503,0.01324503,0.01324503,0.01490066,0.07284768,0,0,0,0,0,0,0,0
24,0,3,1,0.3492462,0.040201,0.04271357,0.01005025,0,0,0,0,0,0,0,0,0,0,0,0,0,0,0,0,0,0,0,0.04522613,0.040201,0.040201,0.04271357,0.04271357,0.07286432,0.07788945,0.02763819,0.08542714,0.02261307,0.0201005,0.0201005,0.0201005
25,1,1,0,0.08285052,0.04924681,0.01506373,0.1332561,0.003476246,0.004634994,0.003476246,0.00405562,0.00405562,0.01969872,0.09154113,0.03476246,0.06546929,0.008111239,0.01622248,0.006373117,0.006952491,0.008111239,0.1141367,0.02317497,0.03997682,0.08169177,0.0359212,0.01448436,0.01390498,0.02549247,0.006373117,0.005793743,0.006952491,0.04982619,0.004634994,0.004634994,0.00405562,0.003476246,0.004634994,0.003476246
25,1,1,1,0.1485226,0.03576983,0.07620529,0.0155521,0.01244168,0.07076205,0.02021773,0.03265941,0.03888025,0.02177294,0.02332815,0.02410575,0.02566097,0.04743391,0.08786936,0,0,0,0,0.062986,0.02021773,0.01244168,0.01010886,0.00933126,0.05909798,0.005443235,0.01399689,0.01399689,0.01088647,0.02410575,0.04898911,0.00622084,0.005443235,0.00466563,0.005443235,0.005443235
25,1,2,0,0.1093117,0.04279931,0.06824754,0.0242915,0.06651244,0.07576634,0.05320995,0.0821284,0.08906883,0.01098901,0.01041064,0.01098901,0.01098901,0.01098901,0.03759399,0.01792944,0.02082128,0.1382302,0.002891845,0.002891845,0.003470214,0.002891845,0.002891845,0.002891845,0.002891845,0.002891845,0.01156738,0.002891845,0.005205321,0.01735107,0.01503759,0.01735107,0.006940428,0.006362059,0.006362059,0.006940428
25,1,2,1,0.06584094,0.01499348,0.1271186,0.02216428,0.1127771,0.01564537,0.02281617,0.08474576,0.003259452,0.001955671,0.003259452,0.005867014,0.007170795,0.009778357,0.1453716,0,0,0,0,0.1610169,0.007822686,0.004563233,0.005215124,0.004563233,0.005867014,0.005867014,0.005215124,0.005867014,0.005867014,0.005215124,0.007170795,0.05606258,0.009778357,0.01564537,0.04758801,0.003911343
25,1,3,0,0.07714988,0.003931204,0.002948403,0.003439803,0.05405405,0.008845208,0.007371007,0.08746929,0.008353808,0.05995086,0.01031941,0.03636364,0.007862408,0.008353808,0.02850123,0.03292383,0.02751843,0.02113022,0.04520885,0.02063882,0.01818182,0.02014742,0.07862408,0.02358722,0.04275184,0.04914005,0.01474201,0.01523342,0.02555282,0.03439803,0.04815725,0.01867322,0.008845208,0.004422604,0.04176904,0.003439803
25,1,3,1,0.09391966,0.006514658,0.007057547,0.004885994,0.008143323,0.03365907,0.05591748,0.02062975,0.007057547,0.006514658,0.007600435,0.007600435,0.007057547,0.03583062,0.1509229,0.03094463,0.07926168,0.08034745,0.02442997,0.02497286,0.009771988,0.005428882,0.009229099,0.01954398,0.0135722,0.009771988,0.01140065,0.01248643,0.01520087,0.1107492,0.007057547,0.02931596,0.02171553,0.02605863,0.003257329,0.002171553
26,0,1,0,0.1440887,0.04679803,0.0455665,0.0455665,0.04679803,0.0455665,0.0455665,0.0455665,0.0455665,0.04433497,0.04433497,0.04433497,0.04433497,0.04433497,0.04310345,0.04433497,0.04433497,0.04310345,0.04187192,0.04310345,0.007389163,0,0,0,0,0,0,0,0,0,0,0,0,0,0,0
26,0,1,1,0.3472454,0.1736227,0.1686144,0.1652755,0.1452421,0,0,0,0,0,0,0,0,0,0,0,0,0,0,0,0,0,0,0,0,0,0,0,0,0,0,0,0,0,0,0
26,0,2,0,0.1922366,0.07948244,0.07578558,0.07763401,0.07948244,0.07763401,0.07578558,0.07763401,0.07578558,0.07578558,0.07393716,0.03881701,0,0,0,0,0,0,0,0,0,0,0,0,0,0,0,0,0,0,0,0,0,0,0,0
26,0,2,1,0.3927856,0.1763527,0.1623247,0.1563126,0.1122245,0,0,0,0,0,0,0,0,0,0,0,0,0,0,0,0,0,0,0,0,0,0,0,0,0,0,0,0,0,0,0
26,0,3,0,0.2044118,0.06764706,0.06764706,0.06764706,0.0632353,0.06470589,0.06176471,0.06176471,0.06176471,0.06029412,0.06029412,0.05882353,0.06176471,0.0382353,0,0,0,0,0,0,0,0,0,0,0,0,0,0,0,0,0,0,0,0,0,0
26,0,3,1,0.346473,0.1639004,0.1514523,0.1452282,0.1390042,0.05394191,0,0,0,0,0,0,0,0,0,0,0,0,0,0,0,0,0,0,0,0,0,0,0,0,0,0,0,0,0,0
27,1,1,0,0.1582524,0.01262136,0.0407767,0.02135922,0.02330097,0.2097087,0.01553398,0.01262136,0.01553398,0.01456311,0.01650485,0.01650485,0.0776699,0,0,0,0,0,0,0.06699029,0.02038835,0.02038835,0.0184466,0.0184466,0.07281554,0.006796116,0.03398058,0.01747573,0.02427185,0.05242718,0.001941748,0.001941748,0.001941748,0.002912621,0.001941748,0.001941748
27,1,1,1,0.1710946,0.01275239,0.01381509,0.04782147,0.03188098,0.08076514,0.1126461,0.01381509,0.01700319,0.01594049,0.02019129,0.02125398,0.1115834,0,0,0,0,0,0.05526036,0.01487779,0.01487779,0.01487779,0.01594049,0.01806589,0.07013815,0.002125398,0.003188098,0.004250797,0.02869288,0.01700319,0.05632306,0.002125398,0.003188098,0.003188098,0.003188098,0.002125398
27,1,2,0,0.1853814,0.03813559,0.03072034,0.03072034,0.1366525,0.02436441,0.02542373,0.02754237,0.1059322,0.02860169,0.02860169,0.02860169,0.02754237,0.02754237,0.03072034,0.09533899,0,0,0,0,0,0,0,0,0,0,0,0.02012712,0.006355932,0.006355932,0.006355932,0.00529661,0.004237288,0.006355932,0.06779661,0.00529661
27,1,2,1,0.09709822,0.02232143,0.02566964,0.03236607,0.01450893,0.008928572,0.07366072,0.15625,0.02566964,0.02678572,0.09263393,0.01004464,0.01450893,0.01450893,0.1640625,0,0,0,0,0,0,0,0.02120536,0.01116071,0.01004464,0.03013393,0.001116071,0.02678572,0.01227679,0.01227679,0.01116071,0.01116071,0.01227679,0.01339286,0.04575893,0.002232143
27,1,3,0,0.1772407,0.01258812,0.01158107,0.01208459,0.01158107,0.01158107,0.01258812,0.01107754,0.01107754,0.06042296,0.01762336,0.05941591,0.02165156,0.01007049,0.006545821,0.02316213,0.01309164,0.081571,0.02719033,0.02819738,0.02870091,0.02416918,0.07250755,0.01359517,0.01309164,0.01409869,0.01661631,0.01762336,0.01661631,0.02014099,0.07301108,0.009063444,0.00755287,0.0407855,0.006042296,0.006042296
27,1,3,1,0.150619,0.01513067,0.02063274,0.00343879,0.004126547,0.004814305,0.004126547,0.004814305,0.004814305,0.07496561,0.08046768,0.0130674,0.03232462,0.01856946,0.01994498,0.01856946,0.01856946,0.03576341,0.04951857,0.02063274,0.02751032,0.06327373,0.02957359,0.1396149,0.008940853,0.01100413,0.009628611,0.008940853,0.01031637,0.03576341,0.0605227,0,0,0,0,0
28,1,1,0,0.1053526,0.01529312,0.01614274,0.01699235,0.2395922,0.01529312,0.01274426,0.01784197,0.01359388,0.01104503,0.01104503,0.09430756,0,0,0,0,0,0,0,0,0.1308411,0.01019541,0.126593,0.01019541,0.0144435,0.04502974,0.004248088,0.002548853,0.003398471,0.05862362,0.005097706,0.004248088,0.004248088,0.004248088,0.003398471,0.003398471
28,1,1,1,0.1715063,0.01088929,0.00907441,0.01088929,0.1588022,0.1088929,0.01088929,0.00907441,0.01088929,0.01088929,0.01179673,0.09709619,0,0,0,0,0,0,0,0,0.09255899,0.02994555,0.03901996,0.08348458,0.003629764,0.004537205,0.003629764,0.003629764,0.003629764,0.004537205,0.006352087,0.07803993,0.007259528,0.007259528,0.006352087,0.005444646
28,1,2,0,0.1710171,0.02070207,0.01980198,0.01890189,0.270027,0.01170117,0.01080108,0.01080108,0.01620162,0.09450945,0.02430243,0.02070207,0.01620162,0.01530153,0.01620162,0.02340234,0.07830783,0,0,0,0,0,0,0,0,0,0,0,0.03330333,0.00720072,0.00540054,0.00630063,0.00630063,0.01080108,0.01980198,0.0720072
28,1,2,1,0.1518127,0.01283988,0.01057402,0.01435045,0.03927492,0.1072508,0.02643505,0.1004532,0.00755287,0.006042296,0.006797583,0.00755287,0.00755287,0.008308157,0.09441087,0,0.07175227,0.09441087,0.006797583,0.02190332,0.006042296,0.008308157,0.005287009,0.006797583,0.006042296,0.01132931,0.01208459,0.01057402,0.009063444,0.05135952,0.001510574,0.001510574,0.003021148,0.06268882,0.003776435,0.004531722
28,1,3,0,0.2165264,0.01606733,0.01147666,0.006885998,0.006120888,0.006120888,0.008416221,0.01071155,0.008416221,0.1017598,0.01071155,0.01147666,0.01300689,0.01224178,0.05202755,0.007651109,0.007651109,0.009181332,0.1208875,0.01836266,0.01836266,0.05738332,0.01453711,0.01530222,0.01836266,0.01836266,0.01759755,0.01836266,0.02371844,0.1423106,0,0,0,0,0,0
28,1,3,1,0.1774333,0.01119724,0.01119724,0.0129199,0.01205857,0.01464255,0.0129199,0.08957795,0.01722653,0.0163652,0.01894918,0.01981051,0.01550388,0.05684755,0.008613264,0.006029285,0.005167959,0.006890612,0.006029285,0.006890612,0.1567614,0.02756245,0.02842377,0.02756245,0.02067184,0.01808786,0.01722653,0.05770887,0.03100775,0.08871663,0,0,0,0,0,0
29,0,1,0,0.07731305,0.02027883,0.02027883,0.04309252,0.08745247,0.1368821,0.02281369,0.02281369,0.02154626,0.02281369,0.05703422,0,0,0,0,0,0,0,0,0,0.04435995,0.02154626,0.02154626,0.09885932,0.008871989,0.01013942,0.01140684,0.008871989,0.01013942,0.01140684,0.008871989,0.05576679,0.01013942,0.01140684,0.008871989,0.1254753
29,0,1,1,0.2324455,0.01937046,0.02058112,0.08353511,0.02300242,0.06900727,0.06174335,0.02663438,0.02542373,0.02905569,0.03753027,0.02663438,0,0,0,0,0,0,0,0,0.062954,0.01815981,0.06779661,0.02179177,0.00968523,0.00968523,0.00968523,0.00968523,0.00968523,0.00968523,0.00968523,0.06779661,0.00968523,0.01089588,0.008474576,0.00968523
29,0,2,0,0.03270042,0.01160337,0.01160337,0.01054852,0.08227848,0.05168776,0.02320675,0.00949367,0.008438818,0.00949367,0.008438818,0.00949367,0.1023207,0.08544303,0.01265823,0.00949367,0.01054852,0.00949367,0.00949367,0.01054852,0.00949367,0.05274262,0.02742616,0.02848101,0.02531645,0.02742616,0.02953586,0.02531645,0.07594936,0.01898734,0.01793249,0.05801687,0.001054852,0,0,0.08333333
29,0,2,1,0.2412965,0.02160864,0.01920768,0.02040816,0.02040816,0.0180072,0.02160864,0.02040816,0.0180072,0.1320528,0.02280912,0.0180072,0.02040816,0.02040816,0.01920768,0.02040816,0.05282113,0,0,0.04441776,0.008403361,0.01080432,0.009603841,0.009603841,0.009603841,0.009603841,0.009603841,0.009603841,0.008403361,0.01080432,0.009603841,0.008403361,0.01080432,0.08163265,0.01080432,0.03121248
29,0,3,0,0.2241814,0.01007557,0.01133501,0.01007557,0.01133501,0.01133501,0.01007557,0.07178841,0.01133501,0.01007557,0.01133501,0.01007557,0.01133501,0.05289672,0.0138539,0.01259446,0.01511335,0.0138539,0.0138539,0.01259446,0.0138539,0.1183879,0.03400503,0.04030227,0.03778337,0.02392947,0.02267003,0.02267003,0.1372796,0,0,0,0,0,0,0
29,0,3,1,0.1608863,0.007707129,0.007707129,0.00867052,0.00867052,0.00867052,0.007707129,0.007707129,0.05973025,0.009633912,0.007707129,0.00867052,0.02986513,0.06165703,0.02408478,0.02408478,0.04142582,0.04046243,0.03853565,0.04046243,0.04046243,0.04142582,0.03949904,0.04046243,0.0655106,0.02408478,0.02119461,0.01637765,0.01541426,0.01637765,0.01637765,0.01541426,0.01637765,0.01830443,0.00867052,0
30,1,1,0,0.1032371,0.006999125,0.007874016,0.006999125,0.006999125,0.06999125,0.1478565,0.0376203,0.007874016,0.0752406,0.01224847,0.01049869,0.01049869,0.1154856,0,0,0,0,0.08923884,0.009623798,0.007874016,0.008748907,0.007874016,0.0839895,0.01049869,0.007874016,0.03937008,0.002624672,0.02187227,0.01224847,0.01574803,0.05161855,0.003499563,0.001749781,0.003499563,0.002624672
30,1,1,1,0.2119675,0.009127789,0.007099391,0.00811359,0.01014199,0.07809331,0.06693712,0.04766734,0.009127789,0.00811359,0.009127789,0.00811359,0.01014199,0.01419878,0.0851927,0,0,0,0,0.04868154,0.009127789,0.009127789,0.09939148,0.007099391,0.03448276,0.01318458,0.06795131,0.003042596,0.004056795,0.004056795,0.09634888,0.005070994,0.003042596,0.005070994,0.003042596,0.004056795
30,1,2,0,0.115491,0.05463347,0.01659751,0.01798064,0.05463347,0.05048409,0.08990318,0.1396957,0.01037344,0.01244813,0.07607193,0.009681881,0.008990319,0.008298756,0.02213001,0.009681881,0.06293223,0,0.04771784,0.01798064,0.008990319,0.007607192,0.006915629,0.007607192,0.006224066,0.007607192,0.006224066,0.006915629,0.006224066,0.03596127,0.003457815,0.003457815,0.004149378,0.004149378,0.05463347,0.004149378
30,1,2,1,0.2087703,0.01239276,0.0085796,0.0085796,0.009532888,0.009532888,0.1020019,0.01143947,0.03527169,0.1105815,0.006673022,0.007626311,0.005719733,0.006673022,0.006673022,0.005719733,0.06959008,0.0085796,0.03145853,0.1096282,0.0085796,0.0085796,0.005719733,0.004766444,0.006673022,0.005719733,0.004766444,0.004766444,0.006673022,0.005719733,0.005719733,0.06196378,0.0171592,0.01334604,0.06101049,0.003813155
30,1,3,0,0.1985059,0.004268943,0.004268943,0.003201707,0.004268943,0.003201707,0.003201707,0.004268943,0.003201707,0.1003202,0.006403415,0.005336179,0.003201707,0.004268943,0.004268943,0.003201707,0.07257204,0.005336179,0.004268943,0.07897545,0.02241195,0.08964781,0.01387407,0.01280683,0.01173959,0.01173959,0.01173959,0.01173959,0.01173959,0.01280683,0.05549626,0.1099253,0.1077908,0,0,0
30,1,3,1,0.1793722,0.005605381,0.004484305,0.004484305,0.004484305,0.004484305,0.004484305,0.004484305,0.005605381,0.004484305,0.09192826,0.004484305,0.05717489,0.01793722,0.01457399,0.01457399,0.01233184,0.01345292,0.01233184,0.01345292,0.103139,0.05493274,0.06502242,0.04372197,0.01233184,0.01345292,0.01345292,0.04932736,0.01457399,0.03587444,0.01457399,0.04596413,0.05941704,0,0,0
